{
  "hash": "e3a783a05c431bec9ffbee25d761a69e30d09df69c278cd7cc327696a00405c3",
  "fecha": "2026-05-28T02:43:37.951767",
  "python": "3.12.3 (main, Mar 23 2026, 19:04:32) [GCC 13.3.0]",
  "resultados": {
    "gamma_02c": 1.0206207261596576,
    "gamma_012c": 1.0072787050317253,
    "E_cin_starshot_J": 1853298442530.6035,
    "T_eq_eps_010_K": 3240.1645798424793,
    "T_eq_eps_050_K": 2166.82864929766,
    "theta_div_urad": 1.064,
    "eta_total_wall_plug": 0.00018000000000000004,
    "E_cin_daedalus_J": 3.270886920880441e+22,
    "costo_antimateria_por_g_USD": 6400000000000000.0,
    "DT_RE_ms": 13931406990.092396,
    "DT_total_ms": 27722078191.333828,
    "DT_total_AU": 55554.73432181788,
    "E_alcubierre_J": 1.7059541674157156e+44
  }
}