{
  "fecha": "2026-05-28T02:26:22.135496",
  "hash": "4a115d04a2ef9c23",
  "python_version": "3.12.3 (main, Mar 23 2026, 19:04:32) [GCC 13.3.0]",
  "resultados": {
    "E_alcubierre_J": 1.7059541674157156e+44,
    "E_kin_starshot_J": 1853298442530.6038,
    "T_eq_epsilon_01_K": 3240.1645798424793,
    "E_daedalus_J": 3.270886920880441e+22,
    "DT_RE_ms": 13931406990.092396,
    "SNR_1MW": 18.33384272586492,
    "E_impact_MJ": 2.8235226668953676e-06,
    "time_to_cover_galaxy_yr": 11513736.34792033
  },
  "constantes": {
    "c": 299792458.0,
    "G": 6.6743e-11,
    "h": 6.62607015e-34,
    "sigma": 5.6703744191844314e-08,
    "M_sol": 1.98847e+30,
    "AU": 149597870700.0,
    "pc": 3.085677581e+16,
    "ly": 9460730472580800.0,
    "prod_humana_W": 25000000000000.0
  }
}